"source","target","trackspeed"
"BEFBCL","BEFBCO","50.0"
"BEFBCK","BEFBCL","50.0"
"BEFBMZ","BERNZV","50.0"
"BEFBCO","BEFBN","50.0"
"BERNZV","BEFBCK","50.0"
"BEYSLLY","BEYBGRD","80.0"
"BEYPATD","BERCO","80.0"
"BERCO","BEYLCC","80.0"
"BEYMAUB","BEYFNT","160.0"
"BEFMSA","BEFMS","40.0"
"BEYMSLE","BEYKATS","60.0"
"BEVMOER","BEYKRIN","40.0"
"BEYKOES","BEVMOER","40.0"
"BEYKOES","BEFNWHZ","40.0"
"BEFNWHZ","BEYHAZP","40.0"
"BESTBKW","BECOMBI","90.0"
"BEYWAHK","BEYSTBK","60.0"
"BEFNTA1","BEFNT11","53.333333333333336"
"BECOMBI","BEBASF","90.0"
"BEFNTA2","BEYWAHK","60.0"
"BEYSCHN","BEFNTA1","60.0"
"BEFNDL9","BEFNTA2","60.0"
"BEFNT11","BEFNDL9","60.0"
"BESTBKQ","BESTBKW","90.0"
"BEYSTBK","BESTBKQ","90.0"
"BEYSTBK","BEYBDHT","60.0"
"BEYBDHT","BEZANDV","60.0"
"BEYBERW","BETOX88","40.0"
"BETOX88","BEYWAHK","40.0"
"BEFND10","BEYWAHK","40.0"
"BERGE9","BEFNTA2","40.0"
"BEFNT11","BERDE9","40.0"
"BERDE9","BEFNDMH","40.0"
"BEFNDMH","BERGE9","40.0"
"BEFNDA1","BERDE9","40.0"
"BEFNDA2","BERGE9","40.0"
"BEDSPA1","BEFNTA1","40.0"
"BEFNTA1","BEFNDA1","40.0"
"BERDE9","BEFNDA2","40.0"
"BEFKTH","BEGWD","125.0"
"BELB","BEYLUBL","130.0"
"BEYGNS","BEGNS","67.5"
"BEMID","BEGKT","130.0"
"BEGSM","BELKP","130.0"
"BEYLUBL","BEAND","130.0"
"BEFNDM","BELB","110.0"
"BEGWD","BEFES","125.0"
"BEGKT","BEFKTH","130.0"
"BERLBS","BELKR","130.0"
"BEYFNZG","BEYHLND","90.0"
"BEGNS","BEYFNZG","90.0"
"BELKR","BEYSMBR","130.0"
"BEAND","BERLBS","110.0"
"BELKPWS","BEMID","130.0"
"BELKP","BELKPWS","130.0"
"BEYSMBR","BEGSM","130.0"
"BEYHLND","BEFNDM","110.0"
"BEFN","BEYGNS","50.0"
"BEFES","EU00090","125.0"
"BERLBS","BELBWB","40.0"
"BEYDRHS","BEYSMBR","60.0"
"BEFNZCH","BEYHLND","40.0"
"BEYFNZG","BEFNZCH","40.0"
"BEFKI","BEYLINT","60.0"
"BEFLRDE","BEFLR","90.0"
"BEYLINT","BEFLRDE","90.0"
"BEYDUFF","BEYLINT","60.0"
"BELNE","BELBG","120.0"
"BEFHT","BEYKRBG","90.0"
"BEYDRBS","BEYAUBR","90.0"
"BEGBC","BEFLRCG","120.0"
"BEFJE","BEFOW","120.0"
"BEYKRBG","BEGOL","120.0"
"BEGOL","BELG","120.0"
"BEFOW","BELWO","120.0"
"BELZH","BELZHPU","120.0"
"BELG","BELML","120.0"
"BEMBV","BERMI","120.0"
"BELZHPU","BEYZONH","90.0"
"BELWO","BEYALBK","120.0"
"BEMHD","BEMZDKS","120.0"
"BEFLR","BEYNZTH","120.0"
"BELML","BELNE","120.0"
"BEYALBK","BEFHT","120.0"
"BEDBIST","BELEK","120.0"
"BEYNZTH","BEDBIST","120.0"
"BEYAUBR","BEGBC","120.0"
"BEFLRCG","BEFLR","60.0"
"BELEK","BEFJE","120.0"
"BERMI","BELBN","120.0"
"BELBN","BEMHD","120.0"
"BELBG","BEMBV","120.0"
"BEMZDKS","BEMZD","120.0"
"BEMZD","BELZH","120.0"
"BEYKRBN","BEYAUBR","90.0"
"BEKLHEI","BEGBL","140.0"
"BEGBL","BEMWC","140.0"
"BEGHO","BEGB","140.0"
"BEYRSTN","BEYRSTO","40.0"
"BEGB","BEGBD","140.0"
"BENRSTN","BEYRSTN","140.0"
"BEGBD","BENRSTN","140.0"
"BEYNZTH","BEKLHEI","140.0"
"BEMWC","BEGHO","140.0"
"BEYRSTZ","BEYRSTN","90.0"
"BELTD","BELH","40.0"
"BEYFDT","BELTD","40.0"
"BEGBW","BELOL","120.0"
"BEGHA","EU00091","70.0"
"BELNP","BEGHA","120.0"
"BELML","BEGBW","120.0"
"BEGOV","BELNP","120.0"
"BELOL","BEGOV","120.0"
"BEGLK","EU00092","30.0"
"BEFLD","BEYGIST","90.0"
"BEFST","BEFAK","120.0"
"BEYGIST","BEFST","120.0"
"BEFAK","BEFHS","120.0"
"BEYBKHE","BEFKGG","70.0"
"BEFHS","BEYFHSN","40.0"
"BEFKGG","BEFKGGM","70.0"
"BEGKWI","BEGKW","120.0"
"BEYFHSN","BEYZONH","90.0"
"BEYZONH","BEGKWI","120.0"
"BEFKY","BEBOKBH","120.0"
"BEBOKBH","BEYBKHE","120.0"
"BEGKW","BEFKY","120.0"
"BEYBSDL","BEYTEMN","60.0"
"BEFKGG","BERFGKU","40.0"
"BEYKABK","BERKGZF","60.0"
"BERFGKU","BEYNWDK","60.0"
"BERKGZF","BEYRWEG","60.0"
"BEYNWDK","BEYBSDL","60.0"
"BEYTEMN","BERKGNF","60.0"
"BERKGNF","BEYKABK","60.0"
"BEYBKHE","BEFKG","120.0"
"BEYBKHE","BEYNWDK","60.0"
"BERKGNF","BEFKGLF","40.0"
"BEFKGLF","BERKGZF","40.0"
"BEAMZD","BEIJSLD","40.0"
"BEYBSDL","BEFKGRH","40.0"
"BEYBERN","BEGFM","90.0"
"BEBOTZ","EU00007","90.0"
"BEYFVSH","BEFVSH","73.33333333333333"
"BEFVSH","BEYBERN","73.33333333333333"
"BEYLGL","BEGBG","90.0"
"BERFVS","BEYFVSH","90.0"
"BEGMNGN","BEGMNE","90.0"
"BEGMNGQ","BEBOTZ","90.0"
"BEGFM","BEGRM","90.0"
"BEGMNE","BEGMNGQ","73.33333333333333"
"BEGBG","BERFVS","90.0"
"BEGMNGM","BEGMNGN","90.0"
"BEGRM","BEGMNGM","90.0"
"BEYLNGC","BEYBERN","40.0"
"BEFVS","BEYLNGC","100.0"
"BEYLNGC","BEFVSH","40.0"
"BEFVSH","BEYFVSH","40.0"
"BEGMN","BEGMNE","40.0"
"BEGMNGM","BEGMN","40.0"
"BEFM","BELNK","126.66666666666667"
"BEFPH","BEFWE","160.0"
"BEFSR","BEBUDA","130.0"
"BEFN","BELB","130.0"
"BEFVV","BEFPH","140.0"
"BEGMOD","BEYBSTA","160.0"
"BEGMOG","BEGMOD","160.0"
"BEFKI","BEMHO","140.0"
"BEFWE","BEYABLS","160.0"
"BEFMDST","BEFWA","140.0"
"BEFWA","BEFDF","130.0"
"BELNK","BEFMDST","116.66666666666667"
"BEFCV","BEYFCVN","102.5"
"BEYABLS","BEFM","140.0"
"BEFDF","BEFKI","140.0"
"BEBUDA","BEFVV","130.0"
"BEYFCVN","BEYARST","90.0"
"BEFBN","BEFSR","100.0"
"BEYARST","BEFN","75.0"
"BEMHO","BEGMOG","160.0"
"BEYBSTA","BEFCV","120.0"
"BEYALBR","BEYMCHZ","120.0"
"BEYMCHN","BEYABLS","160.0"
"BEYMCHZ","BEYMCHN","160.0"
"BEFDEL","BEDSTIB","90.0"
"BEHMIVB","BEBOR","90.0"
"BEHUI","BEYFHN","90.0"
"BEGSO","BEYLKHL","90.0"
"BEFSR26","BEFSRIR","40.0"
"BEY50","BEMER","90.0"
"BEFSRCP","BEYKEBK","50.0"
"BEYKEBK","BEYHAHE","40.0"
"BEGEV","BEGSJ","90.0"
"BEGDI","BEGSO","90.0"
"BEYHAHE","BEGHT","90.0"
"BEGSJ","BEMEI","90.0"
"BEGBB","BEHUI","90.0"
"BEFSRV","BEFSR26","40.0"
"BEYFW","BEYBNDL","40.0"
"BEYMTB","BEYFW","40.0"
"BEFSRIR","BEYRBRS","50.0"
"BEGAR","BEBOL","90.0"
"BEGHT","BEHMIVB","90.0"
"BEYRBRS","BEFSRCP","50.0"
"BEMEI","BEY50","90.0"
"BEMER","BEFDEL","90.0"
"BEDSTIB","BEYMTB","90.0"
"BEYLKHL","BEMOE","90.0"
"BEYBNDL","BEGAR","90.0"
"BEMOE","BEGBB","90.0"
"BEBOL","BEGDI","90.0"
"BEBOR","BEGEV","90.0"
"BEYKEBK","BEYMCHL","90.0"
"BEMTB","BEYMTB","40.0"
"BEMTB","BEYBNDL","60.0"
"BEYLKHL","BEYLKBK","90.0"
"BEYZEBR","BEFSR","40.0"
"BEYRBRS","BEYGHTN","40.0"
"BEFBN","BERFBNF","74.0"
"BEYSKLW","BEFWA","120.0"
"BEYBSTA","BEYGHKN","110.0"
"BEYGRPG","BEFSRQC","85.0"
"BEYDRBS","BEGMO","110.0"
"BEYDUFF","BEFKI","120.0"
"BEYOTBK","BEYSKLW","120.0"
"BEFPH","BEYFWE","120.0"
"BEFSR","BEYGRPG","105.0"
"BEFMCH","BEYMCHL","85.0"
"BEFWE","BEFM","120.0"
"BEFMDST","BEYOTBK","110.0"
"BEYFWE","BEFWE","120.0"
"BEYGHKN","BEFCV","85.0"
"BEYGHTN","BEFMCH","85.0"
"BEFSRQC","BEYGHTN","85.0"
"BEGMOL","BEYLSWG","120.0"
"BEMHO","BEGMOL","120.0"
"BERFBNF","BEFSR","102.85714285714285"
"BEYLSWG","BEYDRBS","60.0"
"BEFDF","BEYDUFF","120.0"
"BEYMCHL","BEFVV","105.0"
"BEGMO","BEYBSTA","110.0"
"BEFCV","BEYFCVO","70.0"
"BEYLEOP","BEKONGO","40.0"
"BEKONGO","BERHODE","40.0"
"BELB","BEAND","90.0"
"BEYGHKZ","BEFCV","70.0"
"BERLBS","BEYDRHS","90.0"
"BERFNC1","BEYEKDK","40.0"
"BEYFCVO","BEYGNS","50.0"
"BEYNDRL","BEYLEOP","35.0"
"BEYSCHN","BERFNC1","65.0"
"BEYLSWG","BEYKRBN","90.0"
"BEYDRHS","BEYSCHN","90.0"
"BEYEKDK","BEYNDRL","40.0"
"BEYKRBN","BEYGHKZ","90.0"
"BEFSRRG","BEFSRKC","40.0"
"BEFSRRN","BEFSRR","40.0"
"BEFSR","BEFSRRN","40.0"
"BEFSRKC","BEFSRIR","40.0"
"BEFSRR","BEFSRRG","40.0"
"BEYFCVN","BEYGNS","40.0"
"BERFIZT","BEFMW","40.0"
"BERFIZT","BEFIZ","73.33333333333333"
"BEYFWE","BEFHF","120.0"
"BEYPRHK","BERFIZT","90.0"
"BEFIZ","BEYFIZ","90.0"
"BEYFIZ","BELNK","90.0"
"BEFHF","BEYPRHK","120.0"
"BEYPRHK","BEYHEVR","100.0"
"BEFSRNO","BEYFSRC","40.0"
"BEFSR","BEFSRNO","40.0"
"BEYFSRC","BEFSRR","40.0"
"BEYMUBR","BEYORDR","40.0"
"BEYEKDK","BEYMUBR","40.0"
"BEYOLIL","BEFND10","40.0"
"BEYORDR","BEYKRSK","40.0"
"BEYKRSK","BEYOLIL","40.0"
"BEFSRRG","BEFSR14","40.0"
"BEYGRPG","BEFSRRG","40.0"
"BEYBCKS","BEYPAHS","40.0"
"BEYKUGM","BEFBKI","40.0"
"BEYKUGM","BEYFOST","40.0"
"BEFBCM","BEYKUGM","40.0"
"BEFIZG","BEYFIZ","40.0"
"BEFIZ","BEFIZG","40.0"
"BEYKUGM","BEFBKIF","40.0"
"BEFBKIF","BEFBKI","40.0"
"BEYPAHS","BEGTX","90.0"
"BEYKUGM","BEFBMZ","40.0"
"BEFBOW","BEYKUGM","90.0"
"BEGTX","BESIM","90.0"
"BESIM","BEFBOW","90.0"
"BEYLAKN","BEYPAHS","50.0"
"BEFTL","BEFTR","120.0"
"BEYKRBG","BEFTL","120.0"
"BEFTR","BEFTRB","40.0"
"BEVAUTO","BEFTG","120.0"
"BEFIEWS","BEYRWEG","90.0"
"BEGDP","BEFHS","90.0"
"BEFL","BEFLJ","40.0"
"BELGL","BEYLGL","90.0"
"BEBVRST","BEGDP","90.0"
"BEFLGP","BELHS","90.0"
"BEFIE","BEFIEWS","120.0"
"BEYLGL","BEVAUTO","120.0"
"BELHS","BELTM","90.0"
"BEFTG","BEFIE","120.0"
"BELSL","BELGL","90.0"
"BEYRWEG","BEBVRST","90.0"
"BELTM","BELSL","90.0"
"BEFLJ","BEFLGP","40.0"
"BELSL","BELSLF","40.0"
"BEYRSTZ","BEFRST","90.0"
"BELGD","BEYRSTO","140.0"
"BEYRSTO","BEYRSTZ","90.0"
"BEYFLVM","BEFLV","98.57142857142857"
"BEFHS","BEWDT35","40.0"
"BELWZ","BEYHLBK","120.0"
"BEYFDT","BEFDT","140.0"
"BEFDT","BEGZC","140.0"
"BEYFHSW","BEGSUS","140.0"
"BEWDT35","BEYFHSW","40.0"
"BEYHLBK","BEYFLVM","90.0"
"BEGSU","BEYFDT","140.0"
"BEGSUS","BEGSU","140.0"
"BEGTT","BELGD","140.0"
"BEFRST","BELWZ","120.0"
"BEGZC","BEGTT","140.0"
"BEFHS35","BEYFHSN","60.0"
"BEYFHSW","BEFHS35","60.0"
"BEFLVP","BEYTIVO","40.0"
"BEFLV","BEFLVP","40.0"
"BEYFLVM","BEFLVV","40.0"
"BEFLVV","BEFLV","40.0"
"BEFHS","BEFHSW","40.0"
"BEFHSW","BEYFHSW","40.0"
"BEFHSA","BEYFHSW","40.0"
"BEFHS","BEFHSA","40.0"
"BEYHLBK","BEYWILS","90.0"
"BEFHS","BEFHSL","40.0"
"BEFHS","BEFHSE","40.0"
"BERBIER","BEANS","140.0"
"BEFTBG","BEMRP","160.0"
"BEFZA","BEYFZA","140.0"
"BEYFDG","BEFDG","140.0"
"BEYMLBK","BEFVK","140.0"
"BEYFET","BEFET","160.0"
"BEYLEM","BELEM","160.0"
"BEFTNN","BEFZE","140.0"
"BEFTI","BERBIER","140.0"
"BEFWI","BEFLD","140.0"
"BEFXH","BEGVX","140.0"
"BEFVR","BEBLE","140.0"
"BEGFLPL","BEFL","110.0"
"BELEM","BELEMCD","160.0"
"BELEMCD","BEFTB","160.0"
"BEYFZA","BEYLEM","160.0"
"BEFTB","BEFTBG","160.0"
"BEGVX","BEYGVX","140.0"
"BEMRP","BEFEM","160.0"
"BEFSR","BEGHZ","120.0"
"BEFVK","BEFTNN","140.0"
"BEYGVX","BEFTI","140.0"
"BEGHZ","BEYFDG","140.0"
"BEMO","BEFXH","140.0"
"BEFZE","BEFWI","140.0"
"BEYWILS","BEYFLVM","90.0"
"BEANSPL","BEGFLPL","110.0"
"BEANS","BEANSPL","110.0"
"BEFEM","BEYFET","160.0"
"BEFLV","BEYMLBK","90.0"
"BEFLD","BEFVR","140.0"
"BEFET","BEYWILS","160.0"
"BEFMU","BEMO","140.0"
"BEFDG","BEFZA","120.0"
"BEBLE","BEFMU","140.0"
"BESP059","BEYFDG","50.0"
"BEYKEBK","BESP059","50.0"
"BEYTIVO","BEYMLBK","90.0"
"BEFLV","BEYTIVO","90.0"
"BEYHAHE","BEYFDG","50.0"
"BEYFZA","BEYLHVN","60.0"
"BEYBRCG","BEYMCHN","90.0"
"BEFBNL","BEYBRCG","90.0"
"BEYLHVN","BEFBNL","60.0"
"BEYGVX","BENKGRF","70.0"
"BENKGRF","BENK","40.0"
"BEFDG","BEFZAPQ","160.0"
"BEFSR","BEYALBR","160.0"
"BEYFZA","BELEM","160.0"
"BEFZAPQ","BEFZA","160.0"
"BEYALBR","BEGHZ","160.0"
"BEFTB","BEMRP","160.0"
"BEFET","BEFLV","160.0"
"BEYLEM","BEYLHVN","70.0"
"BEGVXL","BEYGVX","40.0"
"BEGWK","BEYHABR","140.0"
"BEVDL","BEGDL","100.0"
"BEFRZ","BEGON","120.0"
"BEMGR","BEFCH","80.0"
"BEYAGSS","BEMGR","80.0"
"BEGVO","BEVDL","100.0"
"BEYHABR","BEREG","140.0"
"BEGV","BEGVO","100.0"
"BEGON","BEFIP","120.0"
"BEFNV","BEFPS","120.0"
"BEFIP","BEFNV","120.0"
"BEGDL","BEGWK","100.0"
"BEFPS","BEGV","120.0"
"BEFL","BEYVALB","66.0"
"BEREG","EU00008","140.0"
"BEYVALB","BEYAGSS","80.0"
"BEFCF","BEFRZ","120.0"
"BEFCH","BEFCF","120.0"
"BENK2","BEYAGSS","40.0"
"BEFLFSC","BEYVALB","40.0"
"BEFL","BEFLFSC","40.0"
"BEGWK","BEGMNGQ","60.0"
"BERFROI","BEYGADI","60.0"
"BEYGADI","BEYVALB","40.0"
"BEYGADI","BEYAGSS","40.0"
"BEFVS","EU00093","100.0"
"BERFROI","BEFBX","90.0"
"BEFBX","BEFVS","120.0"
"BERBLRO","BEMWL","90.0"
"BEFVI","BEFVY","90.0"
"BEFVY","EU00095","90.0"
"BECOO","BEFNO","90.0"
"BEMWL","BEMSO","90.0"
"BEMSO","BECOO","90.0"
"BEMRV","BERBLRO","90.0"
"BEFNO","BEFVI","80.0"
"BELHM","BESY","90.0"
"BEMPS","BEMRVM","90.0"
"BEMTF","BEMRY","90.0"
"BEMRV","BEMCT","90.0"
"BEMBM","BELBV","120.0"
"BEMLR","BERMARD","120.0"
"BEMCH","BEMML","120.0"
"BESY","BEMBM","90.0"
"BEMCT","BELHM","90.0"
"BEMRY","BEMHN","90.0"
"BERMARD","BEMCH","120.0"
"BEYAGSS","BEMTF","90.0"
"BEMHN","BELSN","90.0"
"BELSN","BEMPS","90.0"
"BEMRVM","BEMRV","90.0"
"BELBV","BEMLR","120.0"
"BEYAGSS","BEMGRL","40.0"
"BEFRO","BEFSS","70.0"
"BEFPS","BEFPSC","70.0"
"BEFTX","BEFRO","70.0"
"BEFSS","BEFSSG","70.0"
"BEFJL","BEFTX","70.0"
"BEFPSC","BEFJL","70.0"
"BEREP","BERER","40.0"
"BEGWK","BEREP","90.0"
"BEFLE","BENSK","120.0"
"BELKD","BEFDD","105.0"
"BEFKS","BELKD","120.0"
"BEFVT","BEGKA","120.0"
"BEFKR","BEYLBGO","120.0"
"BEYBCKS","BEFJT","120.0"
"BEFKB","BEFSMB","120.0"
"BEFJT","BEFBSG","120.0"
"BEFLS","BEFLE","120.0"
"BEGKA","BEYFML","120.0"
"BEYFML","BEFML","120.0"
"BEFSMB","BEFTN","120.0"
"BEYZEBR","BEYLAKN","80.0"
"BEYLAKN","BEFBL","90.0"
"BEFTN","BEFKS","120.0"
"BEFRMB","BERFLSO","120.0"
"BEFML","BEYFMLW","120.0"
"BEFCB","BEFVT","120.0"
"BENSK","BEFCB","120.0"
"BEFDD","BEFRMB","120.0"
"BERFBNF","BEYZEBR","60.0"
"BERFLSO","BEFLS","120.0"
"BEYLBGW","BEFGSP","85.0"
"BEYLBGO","BEYLBGW","85.0"
"BEMGA","BEFKB","120.0"
"BEFBL","BEYBCKS","90.0"
"BEFBSG","BEMGA","120.0"
"BEYFMLW","BEFKR","120.0"
"BEFGSP","BERSNBR","60.0"
"BERSNBR","BEYASLS","90.0"
"BEYFMLW","BERFKRS","120.0"
"BERFKRS","BEFKR","120.0"
"BEYSTBG","BEFPO","120.0"
"BEFEB","BEFLT","160.0"
"BEFLM","BEFLMR","150.0"
"BE2130","BE2131","160.0"
"BEFLT","BEFIA","160.0"
"BEFLMR","BEFHK","160.0"
"BE2133","BE2134","160.0"
"BE2132","BE2133","160.0"
"BESPVM","BE2135","160.0"
"BEFHK","BEFEB","160.0"
"BEFIA","BELBM","160.0"
"BERANDW","BE2130","160.0"
"BE2131","BEYSKL","160.0"
"BE2136","BEYWLLE","160.0"
"BEYWLLE","BE2132","160.0"
"BEYASLS","BEFDO","150.0"
"BEFDO","BEFLM","150.0"
"BERANDO","BERANDW","160.0"
"BELBM","BEYSTBG","140.0"
"BEFR","BEFGB","140.0"
"BE2134","BESPVM","160.0"
"BEFGB","BERFSDC","140.0"
"BERFSDG","BEFSD","90.0"
"BEFBMZ","BEFBKI","65.0"
"BEFPO","BEFR","140.0"
"BEYSKL","BE2136","160.0"
"BEFGSP","BEYASLS","160.0"
"BE2135","BEFGSP","160.0"
"BEFBKI","BERANDO","120.0"
"BERFSDC","BERFSDG","140.0"
"BEFPO","BERFRE","100.0"
"BERFRE","BEFR","65.0"
"BEFDD","BEYWLLE","90.0"
"BEYFML","BESPVM","60.0"
"BERFSDG","BEFSDPT","40.0"
"BEFSDM","BEFSDW","40.0"
"BERFSDC","BEFSDM","40.0"
"BEFSDPT","BEFSD","40.0"
"BEFSDW","BERFSDG","40.0"
"BEFRSP","BEYBT","120.0"
"BEFR","BEFRSP","120.0"
"BEYBT","BEFBK","120.0"
"BEFLW","BERLZRF","120.0"
"BERLZRH","BELZS","40.0"
"BELZVHW","BELZRDL","40.0"
"BELZS","BELZVHW","40.0"
"BEYTDST","BEFLW","120.0"
"BEYBT","BEYDUDZ","120.0"
"BERLZRG","BELZR","80.0"
"BEYDUDZ","BEYTDST","120.0"
"BERLZRF","BERLZRG","120.0"
"BELZR","BERLZRH","80.0"
"BEFRSTN","BERFRE","40.0"
"BERFRE","BEFRV","40.0"
"BEFRV","BEFR","40.0"
"BEFHI","BEMUI","120.0"
"BEYBDWK","BEYPEL","120.0"
"BEYPEL","BEFHI","120.0"
"BEYDUDZ","BEYBDWK","120.0"
"BEMUI","BEFKK","120.0"
"BERFKRS","BEFKRSW","40.0"
"BEFKRSW","BEYLBGO","40.0"
"BEFKRCH","BERFKRS","40.0"
"BEFMLTW","BEFKRCH","40.0"
"BERLZRH","BELZE","70.0"
"BEYPEL","BEBPEL","40.0"
"BELZE","BEYSTBR","70.0"
"BEYSTBR","BELZNID","40.0"
"BERFSDG","BEFSDB","40.0"
"BEFSDA","BEFSD","40.0"
"BEFSDB","BEFSDA","40.0"
"BEFGSP","BEFGSPC","40.0"
"BEFGSPC","BERSNBR","40.0"
"BEFMB","BELNI","90.0"
"BELNI","BEFC","90.0"
"BEFRP","BEFRBS","90.0"
"BELKM","BERVRBK","90.0"
"BEFNZD","BEYFNZD","90.0"
"BEVCLST","BEFMB","60.0"
"BERVPRA","BEFRBZK","60.0"
"BEFRBS","BERVPRA","90.0"
"BEFOE","BERKLWU","90.0"
"BEFC","BELKM","90.0"
"BEFRBZK","BEVCLST","60.0"
"BERVRBK","BEVUMIC","90.0"
"BERKLIJ","BEFNZD","90.0"
"BERKLWU","BERKLIJ","90.0"
"BEVUMIC","BEFOE","90.0"
"BERKLWU","BEFNKL","40.0"
"BEFNKL","BERKLIJ","40.0"
"BERVPRA","BEVPRAY","40.0"
"BEVVRBK","BERVRBK","20.0"
"BEFWSTP","BEFWB","40.0"
"BEFRVA","BEFR","40.0"
"BEFRVB","BEFRVA","40.0"
"BERFRE","BEFRVB","40.0"
"BEYFMLW","BEFMLTW","40.0"
"BEFMLTW","BERFKRS","40.0"
"BERFKRS","BEFKRCL","40.0"
"BEFKRCL","BEYLBGO","40.0"
"BERSNBR","BEFGSPB","40.0"
"BERFLSO","BEFLSO","40.0"
"BEFLSO","BEFLS","40.0"
"BEFGN","BEFMD","120.0"
"BEFAD","BEFDM","120.0"
"BEFIZ","BERFIZT","120.0"
"BEHBS","BEFWG","140.0"
"BEYDLBR","BEYFLVM","120.0"
"BEFZL","BEFKP","120.0"
"BERFIZT","BEYHEVR","120.0"
"BEFCB","BEFNW","120.0"
"BEGHR","BEFOB","140.0"
"BEFAT","BEFATWS","140.0"
"BEFVP","BEHBS","140.0"
"BEFDM","BEFDR","120.0"
"BEFNW","BEFAD","120.0"
"BEFMD","BEFZL","120.0"
"BEFM","BEFIZ","120.0"
"BEFKPZK","BEYHEIK","120.0"
"BEFKP","BEFKPZK","120.0"
"BEFWG","BEYDLBR","140.0"
"BEYHEIK","BEFM","120.0"
"BEFDR","BEFRA","120.0"
"BEFOB","BEFAT","140.0"
"BEYHEVR","BEGHR","140.0"
"BEFATWS","BEFVP","140.0"
"BEFRA","BEFGN","120.0"
"BEYDLBR","BEYHLBK","40.0"
"BEYFIZ","BEFM","50.0"
"BERANDO","BEANDL","160.0"
"BEFBMZ","BEYFBKI","70.0"
"BERANDW","BE1903","160.0"
"BEYFBKI","BERANDO","160.0"
"BEANDL","BERANDW","160.0"
"BE1903","BE1902","160.0"
"BEYSKL","BELKD","90.0"
"BE1902","BEYSKL","160.0"
"BEFRP","BELOB","120.0"
"BEYHEIK","BERHKLC","90.0"
"BELOB","BEFTS","120.0"
"BERHKLC","BEFWBZK","120.0"
"BEFWB","BEFRP","120.0"
"BEFWBZK","BEFWB","120.0"
"BEFTS","BEFSN","120.0"
"BEYRVRT","BEYWPGM","90.0"
"BEFWO","BEYESTZ","70.0"
"BEYWPGM","BEFZZ","90.0"
"BEYESTZ","BEYRVRT","70.0"
"BEFZZ","EU00094","40.0"
"BEYESTN","BELGBG","40.0"
"BEYRVRT","BEYESTN","40.0"
"BEYWPGM","BERBZKN","40.0"
"BERBZKN","BEFZNKN","40.0"
"BEFZNKN","BEFKLDN","40.0"
"BEFDR","BEFZ","120.0"
"BEFZ","BEFLK","120.0"
"BEYLBGO","BEYLBGN","40.0"
"BEYLBGW","BEFUGW","80.0"
"BEFUGW","BEYLBGN","80.0"
"BELSD","BELWT","120.0"
"BEYBOMA","BEYMUDE","80.0"
"BEFWO","BEFMV","120.0"
"BERFWOB","BEFWO","60.0"
"BEYLBGN","BEFUGE","90.0"
"BEYMUDE","BEFWOW","80.0"
"BEFGDM","BEYBOMA","80.0"
"BEFWOW","BERFWOB","80.0"
"BELWT","BEFKLO","120.0"
"BEFMV","BELSD","120.0"
"BEFUGE","BEFGDM","90.0"
"BET017","BEYMUDE","40.0"
"BEFGZH","BET017","40.0"
"BERFWOB","BEFWOB","40.0"
"BEFWOB","BEFWO","40.0"
"BEYMUDE","BEGGDOK","40.0"
"BELSW","BEFLKO","140.0"
"BELZDD","BELZD","140.0"
"BEFCV","BEYFCVW","60.0"
"BEFSN","BELLB","140.0"
"BEYMSLE","BELM","140.0"
"BEFBR","BEFNU","140.0"
"BEYFNZD","BEFNZD","140.0"
"BELLB","BELSW","140.0"
"BEFSNO","BEFSN","106.66666666666666"
"BEYLZDF","BEYMSLE","140.0"
"BEFNU","BEFSNO","140.0"
"BEFVB","BEFOA","140.0"
"BEYFCVW","BEYFNZD","90.0"
"BEFNZD","BELZDD","140.0"
"BERML","BEFBR","140.0"
"BELM","BERML","140.0"
"BEFLK","BEFVB","140.0"
"BEFOA","BEYBNDS","110.0"
"BEFLKO","BEFLK","140.0"
"BEYBNDS","BEFGDM","110.0"
"BELZD","BEYLZDF","140.0"
"BEYFCVO","BEFCV","60.0"
"BEYARST","BEYFCVN","50.0"
"BEYFCVN","BEFCV","60.0"
"BEFN","BEYARST","50.0"
"BEFGZH","BEFGDM","40.0"
"BEYBNDS","BEFGZH","40.0"
"BEFZI","BELAS","120.0"
"BELHL","BEFMHT","120.0"
"BELEZ","BEFEK","120.0"
"BEFKW","BELEZ","120.0"
"BELAS","BELHL","120.0"
"BEFSI","BEFDR","120.0"
"BEFJT","BEFZI","120.0"
"BEFEK","BEFSI","120.0"
"BEFMHT","BEFKW","120.0"
"BEFR","BERFRE","65.0"
"BERFRE","BELZMEG","120.0"
"BEFNM","BEVHESS","120.0"
"BEFRL","BELZG","120.0"
"BELZGSS","BEFNM","120.0"
"BEVHESS","BEYLKW","120.0"
"BELZG","BELZGSS","120.0"
"BEYLEBR","BELK","40.0"
"BEYLKW","BEYLEBR","60.0"
"BEFRT","BEFLC","120.0"
"BELZMEG","BELZM","120.0"
"BEFLC","BEFRL","120.0"
"BELZM","BEFRT","120.0"
"BEYBETH","BEYLEBR","40.0"
"BEFME","BELWK","120.0"
"BEFI","BEFPP","120.0"
"BEFWM","BEFME","120.0"
"BEFOI","BEFI","120.0"
"BELWK","BEFOI","120.0"
"BEMIM","BEFWM","120.0"
"BEYLKW","BEMIM","120.0"
"BEFVU","BEMX","120.0"
"BEFAR","BEFTT","120.0"
"BEMX","BEYMX","120.0"
"BEFLC","BEFTK","120.0"
"BEFDK","BEFDKDS","40.0"
"BEFIK","BEFVU","120.0"
"BEFTK","BEFIK","120.0"
"BEFTT","BEFLC","120.0"
"BEYMX","BEFDK","120.0"
"BEFD","BEFAR","120.0"
"BEFDWS","BEFD","160.0"
"BELK","BEYBETH","60.0"
"BEFD","BEFVG","160.0"
"BEFMC","EU00084","120.0"
"BEFVG","BEFHL","160.0"
"BEFGSP","BEFPT","160.0"
"BELKRLN","BEFWU","120.0"
"BEFWU","BEFMC","160.0"
"BEYBETH","BELKRLN","120.0"
"BEFHL","BEYZABG","160.0"
"BEYZABG","BELK","120.0"
"BEFPT","BEFDWS","160.0"
"BEFXS","BEGFY","140.0"
"BEFMC","BEFXS","140.0"
"BEYBETH","BELKV","40.0"
"BELKV","BELKRLN","40.0"
"BEFWU","BEFWULR","20.0"
"BELKOP","BELKV","40.0"
"BEFCA","BEMAU","160.0"
"BELLT","BEFPL","160.0"
"BEFNT","BEFTY","160.0"
"BEFPM","BEFRH","160.0"
"BEYMAUB","BEFNT","160.0"
"BEFPL","BEFCA","160.0"
"BEMAU","BEYMAUB","160.0"
"BEFRH","BELLT","160.0"
"BEFGH","BEFPM","160.0"
"BEFRPM","BEBAM","70.0"
"BEFLS","BEFLSK","70.0"
"BEBAM","BEFRU","70.0"
"BEFVH","BEFRPM","70.0"
"BEFLSK","BEFVH","70.0"
"BEYEINE","BEFEI","120.0"
"BEFDN","BEYEINE","90.0"
"BEFEI","BEFZG","120.0"
"BEFKE","BEFPT","120.0"
"BEFGA","BEFKE","120.0"
"BEFZG","BEFGA","120.0"
"BEFPG","BEFDN","120.0"
"BEFRN","BEFPG","120.0"
"BEFLNC","BEYHRNG","20.0"
"BEFLNCC","BEFLNC","20.0"
"BEFDD","BELWE","120.0"
"BEHIL","BEFZT","120.0"
"BEMTH","BEFHZ","120.0"
"BELWE","BEFHA","120.0"
"BEFNZ","BEFDN","120.0"
"BEFDN","BEFAN","120.0"
"BELDK","BEYZABG","120.0"
"BEFZT","BEMNK","120.0"
"BEMNK","BEFNZ","120.0"
"BEFHZ","BEHIL","120.0"
"BEFHA","BEMEE","120.0"
"BEMEE","BEFRU","120.0"
"BEFVE","BELDK","120.0"
"BEFAN","BEFVE","120.0"
"BEFRU","BEMTH","120.0"
"BEFIC","BEMAP","120.0"
"BEFNNWS","BEFNN","120.0"
"BEFKO","BEFNNWS","120.0"
"BEGIR","BEFKO","120.0"
"BEMHG","BEFAP","90.0"
"BEFGRA","BEFXA","120.0"
"BEFDD","BEGIR","120.0"
"BEFLN","BEYHRNG","90.0"
"BEMAP","BEFZB","120.0"
"BEYNDBL","BEFGRA","120.0"
"BEFID","BEFED","120.0"
"BEFED","BEYNDBL","120.0"
"BEFNN","BEFIC","120.0"
"BEYHRNG","BEMHG","90.0"
"BEFZB","BEFID","120.0"
"BEFXA","BEFLN","120.0"
"BEFXR","BEATH","90.0"
"BEFAP","BEFXR","90.0"
"BEYFNE","BEFNE","120.0"
"BEFUC","BEFBG","120.0"
"BEFJR","BEYFNE","60.0"
"BEFBG","BEFEV","120.0"
"BEFFA","BEATH","120.0"
"BEFNE","BEFUC","120.0"
"BEFEV","BEFFA","120.0"
"BEYSLLY","BEYLCC","140.0"
"BEFIL","BEYSLLY","140.0"
"BEFSA","BEFNG","140.0"
"BEFNG","BEFIL","140.0"
"BEFHV","BEFTY","140.0"
"BEYFHN","BEFH","146.66666666666666"
"BEFLZ","BEFHV","140.0"
"BEGFY","EU00085","140.0"
"BEYLCC","BEATH","140.0"
"BEATH","BEFLZ","140.0"
"BEFH","BEFSA","140.0"
"BEFTY","BEGFY","140.0"
"BEFNY","BEFNYG","160.0"
"BEFGU","BEYFHN","146.66666666666666"
"BEMLY","BELQV","140.0"
"BEFH","BEFLB","140.0"
"BEYFSG","BEFSG","140.0"
"BEFYP","BEYFJR","140.0"
"BEYRUBR","BEFRB","160.0"
"BEFSG","BEFFVG","150.0"
"BEFFV","BEFYP","140.0"
"BESP165","BEFO","120.0"
"BEFNYG","BEFBC","160.0"
"BEFBC","BEYFSG","160.0"
"BELOT","BEFGU","146.66666666666666"
"BEFJR","BEFIU","140.0"
"BELQV","EU00086","140.0"
"BEFIH","BEFMS","140.0"
"BEFO","BEYRUBR","93.33333333333333"
"BEFTZ","BEFNY","160.0"
"BELCS","BELRS","140.0"
"BELRS","BEMLY","140.0"
"BEFFVG","BEFFV","140.0"
"BEFRB","BELOT","160.0"
"BEFLB","BEFTZ","140.0"
"BEFMS","BELCS","140.0"
"BEYFJR","BEFJR","140.0"
"BEFBMZ","BESP165","120.0"
"BEFIU","BEFIH","140.0"
"BEPN63","BEYFSG","60.0"
"BEYFCS","BEPN63","60.0"
"BEPN78","BEYFNE","60.0"
"BEYFJR","BEPN78","60.0"
"BEFO","BERRBB","90.0"
"BEFBKI","BEFO","90.0"
"BERRBB","BEYRUBR","90.0"
"BEFOVR","BEFO926","40.0"
"BEFOVRQ","BEFOVR","40.0"
"BEFBKI","BEFOND","40.0"
"BEFOND","BEFOVRQ","40.0"
"BEFO926","BEFO","40.0"
"BEFHBV","BEFH","60.0"
"BEYFHN","BEFHBV","60.0"
"BEFBKI","BEFBKIC","40.0"
"BEFBKIC","BEFOND","40.0"
"BEFMS","BELCSA","40.0"
"BEFBMZ","BEYRUBR","160.0"
"BEYRUBR","BEYFHN","160.0"
"BEFTU","BEFQ","120.0"
"BEFQR","BEYCRIQ","160.0"
"BEFGH","BEFSB","90.0"
"BEYCRIQ","BEFGH","120.0"
"BEFJM","BEFQR","160.0"
"BEFSB","BEHAI","120.0"
"BEHAI","BEFTU","120.0"
"BEFMS","BEFJM","160.0"
"BEFOVTO","BEFOVM","40.0"
"BEFOND","BEFOVTO","40.0"
"BEYCRIQ","BECRQLN","40.0"
"BECRQLN","BELTT","40.0"
"BERYARA","BERPOLY","40.0"
"BERPOLY","BERFDEY","40.0"
"BELTT","BERYARA","40.0"
"BEFLB","BEFEQ","40.0"
"BEFEQ","BEFEQM","40.0"
"BEHAYET","BELVL","120.0"
"BEYMMNT","BEHAYET","90.0"
"BELVL","BELBH","120.0"
"BELVRS","BEYSTVA","86.66666666666667"
"BEYLFC","BELPT","140.0"
"BELPT","BELNS","120.0"
"BELNS","BELMZ","120.0"
"BELMZ","BEYMMNT","120.0"
"BELFC","BEYLFC","140.0"
"BEYMTNT","BELFC","140.0"
"BEYSTVA","BELVR","60.0"
"BEYMMNT","BELVRS","120.0"
"BEFMR","BEYMTNT","90.0"
"BELNC","BEYMTNT","40.0"
"BELBC","BELPT","40.0"
"BEFTZ","BEFQN","40.0"
"BEFTZ","BEFEQ","40.0"
"BEFMN","BEYBHAI","60.0"
"BELVR","BEYLPAI","90.0"
"BEYBHAI","BEGLI","90.0"
"BEGLI","BELVR","90.0"
"BEYFFM","BEYBHAI","50.0"
"BEFBC","BEYFCS","120.0"
"BEFCZ","BEYLFL","120.0"
"BEYFFM","BEFMN","90.0"
"BEFFM","BEYFFM","120.0"
"BEFCS","BEFCZ","120.0"
"BEYFCS","BEFCS","120.0"
"BEFDI","BEFGP","120.0"
"BEFMN","BEFDI","120.0"
"BEYLFL","BEFFM","120.0"
"BEFGP","BEFPN","120.0"
"BEFPN","BEFLU","120.0"
"BEYLPAI","BELBQ","120.0"
"BELU","BELHR","130.0"
"BELHR","BELRGG","130.0"
"BEYSTVA","BEYLPAI","100.0"
"BELBQ","BELU","130.0"
"BELRG","BELNM","130.0"
"BELRGG","BELRG","130.0"
"BELNM","BEFMS","130.0"
"BEFZM","BEFLDK","90.0"
"BEFZT","BEFGE","90.0"
"BEYNDBL","BEFRD","90.0"
"BEFLDK","BEFOO","90.0"
"BEFGED","BEFSK","90.0"
"BEFOO","BEYFML","90.0"
"BEFGE","BEFGED","90.0"
"BEFRD","BEFZT","90.0"
"BEFSK","BEFZM","90.0"
"BEFNG","BEFRE","120.0"
"BELOK","BEFGM","120.0"
"BEFGM","BEFKV","120.0"
"BEFKV","BETOBL","120.0"
"BEFRE","BELOK","120.0"
"BETOBL","BEFGRA","120.0"
"BELCCM","BEFRX","115.0"
"BEYFOST","BEFOST","120.0"
"BEFBAC","BEFOL","120.0"
"BEFXB","BEFLU","140.0"
"BEFWT","BEFBD","120.0"
"BEFBA","BEFBAC","120.0"
"BEFLU","BELCCM","115.0"
"BEFUS","BEFTE","120.0"
"BEHOL","BEFGO","120.0"
"BEFTE","BEYLKBK","120.0"
"BEBUZET","BEFXB","140.0"
"BEFMR","BEYNORD","120.0"
"BEFBD","BEFBA","120.0"
"BEYLKBK","BELKN","120.0"
"BEFOL","BEFSUD","120.0"
"BELKN","BEHOL","120.0"
"BEFOST","BEFUS","120.0"
"BEFNVT","BEBUZET","140.0"
"BEFSUD","BEFNVT","60.0"
"BEYNORD","BEFCR","77.5"
"BEFRX","BEFMR","120.0"
"BEFHO","BEFWT","120.0"
"BEFBMZ","BEYFOST","80.0"
"BEFGO","BEFHO","120.0"
"BELLS","BEYLLS","40.0"
"BEFCRA","BEFCR","40.0"
"BEFMI","BEFCRA","40.0"
"BEFSUD","BEFSU","40.0"
"BEFSU","BEFNVT","40.0"
"BELNCGF","BEFMR","120.0"
"BEYLLS","BEYNORD","90.0"
"BEFRX","BELNCGF","120.0"
"BEFMR","BEYLLS","90.0"
"BELNC","BEFMR","40.0"
"BELNCGF","BELNC","40.0"
"BEFRX","BELNC16","40.0"
"BELNC16","BELNCR","40.0"
"BELNCR","BELNCGF","40.0"
"BEAIG","BENG","120.0"
"BERCARM","BENS","120.0"
"BELHY","BENBE","120.0"
"BEFJU","BELFG","120.0"
"BERDUMO","BELHF","120.0"
"BELHF","BENM","120.0"
"BELFG","BEYLMAN","120.0"
"BELFH","BEAIG","120.0"
"BECHAS","BERCARM","120.0"
"BEPLMCT","BEFNRHB","120.0"
"BEBEEZ","BEPLMCT","120.0"
"BENS","BENMH","120.0"
"BEFL","BENSN","120.0"
"BENH","BERDUMO","120.0"
"BEFNRHB","BEFNR","120.0"
"BENG","BENH","120.0"
"BENDN","BECHAS","120.0"
"BENBE","BENJV","120.0"
"BENA","BELY","120.0"
"BEYLMAN","BEMAN","120.0"
"BENTL","BEFPD","120.0"
"BELY","BELHY","90.0"
"BENJV","BENDN","120.0"
"BEMAN","BELFH","120.0"
"BENSN","BENTL","120.0"
"BENMD","BEBEEZ","120.0"
"BENMDMA","BENMD","120.0"
"BENM","BENA","120.0"
"BEFPD","BEFJU","120.0"
"BENMH","BENMDMA","120.0"
"BEFBAC","BEBA824","40.0"
"BEYGADI","BENK2","60.0"
"BEYVALB","BENK2","40.0"
"BEYLMAN","BEYBGNT","40.0"
"BEYVSLB","BELFA","50.0"
"BEYBGNT","BELFH","50.0"
"BELFA","BEYBGNT","50.0"
"BENKREL","BEYRENO","90.0"
"BEYRENO","BELGR","90.0"
"BELGRFK","BENSR","90.0"
"BELGR","BELGRFK","90.0"
"BENSR","BEYVSLB","90.0"
"BENK2","BENKREL","90.0"
"BENKGRF","BENKREC","40.0"
"BENK","BENKGRF","40.0"
"BENKREC","BEYRENO","40.0"
"BENK2","BENK","40.0"
"BENKAO","BENKGRF","40.0"
"BERENO2","BENKREC","40.0"
"BENKAO","BERENO2","40.0"
"BELHY","BELAC","40.0"
"BEFVL","BEFTM","120.0"
"BEYFFW","BEFFW","70.0"
"BEFJSMA","BEFVL","100.0"
"BEFLF","BEFNFEF","100.0"
"BEFNF","BEFMT","100.0"
"BEFFW","BEFLF","100.0"
"BEFEO","BEYFFW","100.0"
"BEFRC","BEFCLGE","120.0"
"BEFTM","BEFAO","120.0"
"BEFFC","BEFRC","120.0"
"BEFNR","BEFEO","100.0"
"BEFCL","BEFCLGO","92.0"
"BEFCLGE","BEFCL","80.0"
"BEFNFEF","BEFNF","100.0"
"BEFAO","BEFFC","120.0"
"BEMHM","BEFJS","100.0"
"BEFCLGO","BELCL","120.0"
"BELCL","BEFCR","105.0"
"BEFMT","BEFMTG","100.0"
"BEFJS","BEFJSMA","80.0"
"BEFMTG","BEMHM","100.0"
"BELJF","BEGSOL1","40.0"
"BEGSOL1","BEFMTG","40.0"
"BEFCR","BEYNORD","90.0"
"BELQ","EU00087","110.0"
"BEMHR","BENTH","100.0"
"BENLS","BENLSG","120.0"
"BENLB","BENSS","120.0"
"BENSS","BELQB","120.0"
"BENL","BEMHR","100.0"
"BENTH","BENLS","100.0"
"BENZ","BENL","100.0"
"BENFV","BENLB","120.0"
"BELLS","BENZ","100.0"
"BELQB","BELQ","120.0"
"BENLSG","BENFV","120.0"
"BEYNORD","BELLS","100.0"
"BEFEOF","BEYFFW","40.0"
"BEYFEO","BEFEOGR","40.0"
"BEFEOGR","BEFEOF","40.0"
"BEFCRDP","BELCL","90.0"
"BEFCLGO","BEFCRDP","90.0"
"BEFEO","BEFEOF","40.0"
"BEYFEO","BEFEO","90.0"
"BEFNR","BEYFEO","90.0"
"BEFCLC","BEFCLGE","40.0"
"BEFCLGS","BEFCLGO","40.0"
"BEFCLGE","BEFCLGS","40.0"
"BEFRC","BEFCLF","40.0"
"BEFCLF","BEFCLGE","40.0"
"BEFRC","BEFCLC","40.0"
"BEFCLCW","BEFCLGE","40.0"
"BEFCLC","BEFCLCW","40.0"
"BELCL","BEGCRA","40.0"
"BEGCRA","BEFCR","40.0"
"BEFEOF","BEFEOPE","40.0"
"BEFEOPE","BEFFW","40.0"
"BEFEOGR","BEFEOCL","40.0"
"BEGSOL1","BERSOL1","40.0"
"BERAPRM","BEFCL","20.0"
"BELBZ","BEPRY","90.0"
"BELHH","BELUH","90.0"
"BEGJ","BEBEI","90.0"
"BEFYG","BERPET","90.0"
"BEGPL","BELMG","120.0"
"BELWC","BEFYG","90.0"
"BEBEI","BELHH","90.0"
"BELUH","BELBZ","90.0"
"BELLS","BEGJ","100.0"
"BEPRY","BELWC","90.0"
"BERPET","BEGPL","120.0"
"BELMG","BELCV","90.0"
"BEFCLGO","BERDIST","40.0"
"BEGLM","BEYLTR","120.0"
"BEGHE","BEGVH","90.0"
"BEARC","BEGG","120.0"
"BEGG","BEBGWV","120.0"
"BEGFL","BEARC","120.0"
"BEGWV","BEFBRG","120.0"
"BEBGWV","BEGWV","120.0"
"BEGHEKL","BEGHE","90.0"
"BEYLTR","BELT","60.0"
"BEFLV","BEYPABR","90.0"
"BEFBRG","BEGLM","120.0"
"BEYPABR","BEGHEKL","90.0"
"BEGSW","BEFPC","120.0"
"BEFPC","BEGFL","120.0"
"BEGVH","BEGSW","90.0"
"BEFLV","BEFLVEB","40.0"
"BEYTIVO","BEYPABR","40.0"
"BEFLVEB","BEYTIVO","40.0"
"BEFLVQ","BEYTIVO","40.0"
"BEFLV","BEFLVQ","40.0"
"BEYLTR","BELTR","40.0"
"BELTR","BELT","40.0"
"BEGTI","BEGTIG","120.0"
"BELT","BEMCM","120.0"
"BEFCRO","BEFMI","40.0"
"BELLE","BEGTI","120.0"
"BEFMI","BEYNORD","40.0"
"BEGTIG","BEFGY","120.0"
"BEMCM","BELCN","120.0"
"BELFR","BELDS","120.0"
"BELDS","BEFCRO","120.0"
"BEGLR","BELLE","120.0"
"BEMFX","BEGLR","120.0"
"BEFGY","BELFR","120.0"
"BELCN","BEMFX","120.0"
"BEFCRO","BEFCR","30.0"
"BELGB","BECAD","90.0"
"BELJF","BEFJS","60.0"
"BEFZY","BELJF","90.0"
"BECAD","BEFZY","90.0"
"BELJF","BERSOL2","40.0"
"BEFVL","BELFR","90.0"
"BEFTM","BEMAI","40.0"
"BENDT","BEYNFFE","90.0"
"BEFNR","BEFNRHB","65.0"
"BEFNRHB","BENJ","90.0"
"BENGD","BENV","90.0"
"BENLT","BENGD","90.0"
"BENJ","BENLT","90.0"
"BENV","BENDT","90.0"
"BELMH","BEYSTLB","40.0"
"BEYSTLB","BEMCR","40.0"
"BEMSM","BERBURG","40.0"
"BEMGV","BEMRX","130.0"
"BEYJSPH","BERGR","90.0"
"BEFW","BEMBR","130.0"
"BERBKBS","BEML","130.0"
"BEYLNO","BEMM","130.0"
"BEMNG","BELGB","130.0"
"BELGB","BEMLZ","130.0"
"BEFBSM","BELX","75.0"
"BEMDL","BEFOY","130.0"
"BEMC","BEMNG","130.0"
"BEMD","BEMRNS","130.0"
"BEMBZ","BEMD","130.0"
"BEMTB","BEFW","105.0"
"BEMRX","BELPF","130.0"
"BEMLZ","BEMBZ","130.0"
"BEFSR","BEYJSPH","40.0"
"BEML","BEMGV","130.0"
"BEMBR","BEMDL","130.0"
"BERGR","BEFBSM","90.0"
"BELX","BEMTB","120.0"
"BELT","BEYLNO","110.0"
"BEMRNS","BEMRN","130.0"
"BEMRN","BEFNR","130.0"
"BEFOY","BERBKBS","130.0"
"BEMM","BEMBL","130.0"
"BEMBL","BEMC","130.0"
"BELPF","BELT","130.0"
"BEYZEBR","BEYJSPH","50.0"
"BERFBNF","BEYJSPH","50.0"
"BEY50","BEFBSM","60.0"
"BELX","BEGMJ","90.0"
"BEGMJ","BEMTB","90.0"
"BEYLNO","BELNO","90.0"
"BEFSR","BEFSRM","40.0"
"BEMKMSD","BEFVIV","130.0"
"BEMML","BELJ","130.0"
"BEAYE","BEMML","130.0"
"BEFNRHB","BENJE","130.0"
"BEMHB","BEMKMND","130.0"
"BEYMTL","EU00096","130.0"
"BEMHT","BELRB","130.0"
"BEMLG","BECHAP","130.0"
"BEMHV","BEAYE","130.0"
"BEFVIV","BELL","130.0"
"BEMHVG","BEMHV","130.0"
"BEMKMND","BEMKM","130.0"
"BEMLV","BELMH","130.0"
"BEMKM","BEMKMSD","130.0"
"BESB","BEMBS","130.0"
"BEFLO","BEMNT","130.0"
"BEMNN","BESB","130.0"
"BEMBRBT","BELC","130.0"
"BELMH","BEMHB","130.0"
"BELNG","BEMLV","130.0"
"BELRB","BELNG","130.0"
"BELJ","BEMFR","130.0"
"BEMBS","BEMRR","130.0"
"BECHAP","BEMHVG","130.0"
"BEMDT","BEMNN","130.0"
"BELC","BEMLG","130.0"
"BEMAS","BEFLO","130.0"
"BEMFR","BEMGP","130.0"
"BEMPX","BEMHT","130.0"
"BEMRR","BEMAS","130.0"
"BENJE","BEMDT","130.0"
"BEMRWRT","BEMPX","130.0"
"BEMGP","BEMRWRT","130.0"
"BELL","BEYMTL","130.0"
"BEMNT","BEMBRBT","130.0"
"BEMKMND","BEMKMR","40.0"
"BEMKMR","BEMKMSD","40.0"
"BELL","BELLPED","40.0"
"BELRB","BEMBX","120.0"
"BEYAUBG","BEMH","40.0"
"BEMAB","BEYAUBG","120.0"
"BEMSG","BEMHZ","120.0"
"BEMSM","BEMSG","120.0"
"BEMABZG","BEMAB","120.0"
"BEMST","BEMFL","120.0"
"BEMBX","BEMST","120.0"
"BERMBF","BEMSM","120.0"
"BEMFL","BERMBF","120.0"
"BEMHZ","BEMABZG","120.0"
"BEYAUBG","BEMABGE","60.0"
"BEMABGE","EU00088","60.0"
"BEYMHS","EU00097","60.0"
"BEYAUBG","BEYMHS","60.0"
"BEYMHN","BEYMHS","60.0"
"BEYMHS","BEMABGE","60.0"
"BERJEHO","BEMBX","120.0"
"BEMGD","BEMCL","120.0"
"BEYNFFE","BEMNS","90.0"
"BEMBG","BEMVO","120.0"
"BEMVO","BEMGMAR","120.0"
"BEMCL","BEMPL","120.0"
"BEMNS","BEMGN","90.0"
"BEMG","BEMGD","120.0"
"BEMGN","BEMHY","90.0"
"BEMHY","BEMBG","120.0"
"BEMGMAR","BEMG","120.0"
"BEMPL","BERJEHO","120.0"
"BEYMHN","EU00098","70.0"
"BEYMTL","BEMY","80.0"
"BEMY","BEMHLG","80.0"
"BEMH","BEYMHN","70.0"
"BEMHLG","BEMH","90.0"
"BEMHLG","BEMHA","40.0"
"BEMHA","BEMH","40.0"
"BEYSTBR","BELZEK","40.0"
"BERFSDC","BEFSDP1","40.0"
"BEBRAM","BELZRSR","40.0"
"BEYEIV","BEBRAM","40.0"
"BEYPEL","BEYEIV","40.0"
"BEBPEL","BEYEIV","40.0"
"BEFGZH","BEYFRMN","40.0"
"BEFGRD","BEFGRDD","40.0"
"BEYBOMA","BET017","40.0"
"BET017","BEYFRMN","40.0"
"BESIFF","BEFGRD","40.0"
"BEYFRMN","BESIFF","40.0"
"BEFGRDD","BEFGND","40.0"
"BESIFF","BESIFFL","40.0"
"BESIFF","BESIFFR","40.0"
"BEYFRMN","BEDARSE","20.0"
"BEVEXCH","BEVDEBT","40.0"
"BEVIVAR","BEVEXCH","40.0"
"BEVBPCH","BEVIVAR","40.0"
"BEYALBK","BE2012","40.0"
"BELGCT","BEVBPCH","40.0"
"BE2012","BELGCT","40.0"
"BEVDEBT","BEMHECM","40.0"
"BEYGSLO","BEYGSLW","40.0"
"BEYFNSO","BEVSTOR","40.0"
"BEYKTNZ","BET007","40.0"
"BEVHALT","BEYGSLO","40.0"
"BEYGSLW","BEVASHL","40.0"
"BET007","BEYKTNO","40.0"
"BEYKTNO","BEYFNSO","40.0"
"BEVLANX","BEVHALT","40.0"
"BEVSTOR","BEVLANX","40.0"
"BEYFNSZ","BEYFNSO","40.0"
"BEYDENB","BEYFNSZ","40.0"
"BEYFNSW","BEYKTNO","40.0"
"BEYGSLZ","BEYGSLO","40.0"
"BEYKHKO","BEYGSLW","40.0"
"BEYGSLO","BEVLLH","40.0"
"BEVMEXN","BEV3M","40.0"
"BECND","BEVBAYR","40.0"
"BEVBAYR","BEVMEXN","40.0"
"BELKL","BECND","40.0"
"BEVADPO","BEYDENB","40.0"
"BEYSLND","BEYKRIN","40.0"
"BEYKHKO","BEYKHKW","40.0"
"BEKIELD","BEYKRHK","40.0"
"BEYKHKW","BEKIELD","40.0"
"BEYKRIN","BEVADPO","40.0"
"BEYGSLZ","BEYKHKO","40.0"
"BEYDENB","BEYKTNZ","40.0"
"BEYKTNZ","BEYKTNW","40.0"
"BEYKTNW","BEYGSLZ","40.0"
"BEYFNSW","BEYKTNW","40.0"
"BET007","BEYFNSW","40.0"
"BEYFNSZ","BET007","40.0"
"BEAET","BEYAET","40.0"
"BEKRHKJ","BEYARBG","40.0"
"BEYKRHK","BEKRHKJ","40.0"
"BEYHNDP","BEYHAZP","40.0"
"BEYVBRK","BEYAET","40.0"
"BEYSPFT","BEYVBRK","40.0"
"BEYARBG","BEYSPFT","40.0"
"BEYAET","BEYHNDP","40.0"
"BEFNWHV","BEYVBRK","40.0"
"BEVTBKN","BEYAET","40.0"
"BEVITCR","BEYSPFT","40.0"
"BEYARBG","BEVITCR","40.0"
"BEVNONA","BEVSHPT","40.0"
"BELIEFK","BEVNONA","40.0"
"BELIEFK","BEYGSLZ","40.0"
"BEYKTNW","BELIEFK","40.0"
"BEKALIS","BEYKHKW","40.0"
"BEYKHKO","BEKALIS","40.0"
"BEYHNDP","BEYAVEN","40.0"
"BEFBX","BECHE","40.0"
"BEYESTZ","BEFMVSL","40.0"
"BEYESTN","BEFMVOD","40.0"
"BELH","BELHDSP","40.0"
"BERBZKN","BEFKLDZ","40.0"
"BEFARWE","BEBELBA","40.0"
"BEBELBA","BEYFORD","40.0"
"BEYFORD","BEYNDRL","30.0"
"BEYLEOP","BETO34B","30.0"
"BETO34B","BEYFORD","30.0"
"BEYLEOP","BEYWMBR","40.0"
"BEYOTWL","BEYALSK","40.0"
"BEYFORD","BEYOTWL","30.0"
"BEIJSLD","BEYPLDK","40.0"
"BEYKSTL","BEIJSLD","40.0"
"BEYPLDK","BEVTOLA","20.0"
"BEYAMRK","BEYKSTL","40.0"
"BEYALSK","BEYAMRK","40.0"
"BEYBYER","BEYWIMO","40.0"
"BEYNDRL","BETO34B","20.0"
"BEYWMBR","BEYOTWL","30.0"
"BETO34B","BEYWMBR","20.0"
"BEYOTWL","BEGRLND","40.0"
"BEYOTWL","BEWSIB","40.0"
"BEWSIB","BEYALSK","10.0"
"BEYALSK","BEALSKA","10.0"
"BEGRLND","BEYALSK","25.0"
"BEYALSK","BEWSIB","10.0"
"BEYORDR","BEYORDM","40.0"
"BEYORDM","BEOORDE","20.0"
"BEOORDE","BELILLO","10.0"
"BEYMSTF","BEVKBYR","40.0"
"BEVKBYR","BEYBYER","40.0"
"BEYBYER","BEYLIBR","40.0"
"BEVACS","BEVACS2","40.0"
"BEVACS2","BEYMSTF","40.0"
"BEKRSCB","BEVACS","40.0"
"BEVTOTL","BEKRSCB","40.0"
"BEYPLDK","BEPETRO","20.0"
"BEYLIBR","BEYWIMO","40.0"
"BEOUDYK","BEYODDK","40.0"
"BENZT","BEBASF","40.0"
"BEYWIMO","BEOUDYK","40.0"
"BEYBERW","BEYLIBR","40.0"
"BEYFRDK","BENZT","40.0"
"BEFNDG9","BEYBERW","40.0"
"BEYODDK","BEYFRDK","40.0"
"BEFND10","BETOX88","40.0"
"BETOX88","BEYLIBR","40.0"
"BEVOIL1","BEVOIL2","40.0"
"BEVSOLV","BEVIBR","40.0"
"BEVEVKA","BEVOIL1","40.0"
"BEVIBR","BEYODDK","40.0"
"BEVVTA","BEVSOLV","40.0"
"BEYWIMO","BEVEVKA","40.0"
"BEVOIL2","BEVMNST","40.0"
"BEVMNST","BEVVTA","40.0"
"BELILLO","BEYWLIL","40.0"
"BEYWLIL","BEYOLIL","40.0"
"BEYKRSK","BEYORDM","20.0"
"BEYORDM","BELILLO","40.0"
"BEFNDG9","BEYKRSK","40.0"
"BEYWLIL","BEYNLIL","40.0"
"BEYNLIL","BEBERDR","40.0"
"BEYOLIL","BEYNLIL","40.0"
"BEYBERW","BEBERDR","40.0"
"BEBERDR","BEYBDHT","40.0"
"BEYNLIL","BEVSTOX","10.0"
"BEYLZDF","BEYKATS","60.0"
"BE1682","BE1696","90.0"
"BEYAVEN","BE1682","60.0"
"BEYHAZP","BEYAVEN","60.0"
"BE1818","BEYWAHK","90.0"
"BEYKATS","BELKL","60.0"
"BEYKOES","BEYHAZP","60.0"
"BELKL","BEYSLND","60.0"
"BEYSLND","BEYKOES","60.0"
"BE1696","BE1818","90.0"
"BEYBSDL","BEFKGRS","40.0"
"BEFKGR0","BEFKGRA","40.0"
"BEFKGRC","BEZUTDL","40.0"
"BEFKGRS","BEFKGR0","40.0"
"BEFKGRA","BEFKGRC","40.0"
"BEYTEMN","BEFKGR1","40.0"
"BEYKABK","BEFKGL2","40.0"
"BEYLFL","BELFLZ","40.0"
"BEYLFL","BELFLCS","40.0"
"BELFLZ","BERBPCH","40.0"
"BELFLZ","BELFLZB","40.0"
"BEYLMAN","BERLFHC","40.0"
"BEGBW","BEVSIBE","40.0"
"BEYFSRC","BEFSRD","40.0"
"BEFSRD","BEFSRRG","40.0"
"BEYFSRC","BEFSRTU","40.0"
"BERFNC1","BEFNDN","10.0"
"BEFNDN","BEFNDBV","10.0"
"BEYEKDK","BEVIVC","40.0"
"BEVIVC","BEYNDRL","40.0"
"BEFCVGH","BEYGHKN","40.0"
"BEFNDB1","BEFNDM9","40.0"
"BEFNDM9","BEFNDB2","40.0"
"BEFNDL9","BEFNDB3","40.0"
"BEFNDB2","BEFNDL9","40.0"
"BEFNDB3","BERNUB3","40.0"
"BEFND10","BEFNDB1","40.0"
"BEFND10","BEFNDM9","40.0"
"BEFNDG9","BEFNDC3","40.0"
"BEFNDC2","BEFNDG9","40.0"
"BERNUC1","BEFNDC2","40.0"
"BERFNC1","BEFNDC1","40.0"
"BEFNDC1","BERNUC1","40.0"
"BERFNC1","BERNUC1","40.0"
"BEFNDD","BEYMUBR","40.0"
"BERFNC1","BEFNDD","40.0"
"BEFEOGR","BEFAZA","40.0"
"BERPAL","BERMGMW","40.0"
"BEREUGL","BESEGAL","40.0"
"BESEGAL","BENGZ","40.0"
"BENGZ","BERPAL","40.0"
"BEYVSLB","BEREUGL","40.0"
"BEFGS","BEATH","40.0"
"BEYSTLB","BEGANT","40.0"
"BEYKEBK","BEMACHR","60.0"
"BEMACHR","BEYMCHZ","90.0"
"BEYMCHZ","BEYBRCG","90.0"
"BEFLVF","BEFLV","40.0"
"BEBZWDM","BERLZRG","40.0"
"BERLZRF","BEBZWDM","40.0"
"BEYKRHK","BEKROMM","40.0"
"BEKROMM","BEKRHKJ","40.0"
"BEFNDM9","BEFNDL9","40.0"
"BEFNDCH","BEFNDM9","40.0"
"BEFND10","BEFNDCH","40.0"
"BEFSRL","BEFSRR","40.0"
"BEFSRRN","BEFSRL","40.0"
"BEFNCHW","BEFND10","40.0"
"BERNUC1","BEFNH","40.0"
"BEFNDG9","BEFNCHW","40.0"
"BEFNDL9","BEFNT11","40.0"
"BEFND10","BEFNTA2","40.0"
"BERNUB3","BEYSCHN","40.0"
"BEFNDPT","BERNUC1","40.0"
"BEFNH","BEFNDG9","40.0"
"BEFNT11","BERNUB3","40.0"
"BERFNC1","BEFNDPT","40.0"
"BEFNTA2","BEFNDM9","40.0"
"BEWILMA","BEANGOL","40.0"
"BEYLEOP","BEANGOL","10.0"
"BEYLEOP","BEWILMA","10.0"
"BEFNZGQ","BEYHLND","40.0"
"BEYFNZG","BEFNZGQ","40.0"
"BEFSRKC","BEFSR14","40.0"
"BEFSRWE","BEFSRKC","40.0"
"BEFMDST","BEYSKLW","90.0"
"BEFSRP","BEFSRR","40.0"
"BEFSRWD","BEFSRR","40.0"
"BEYFSRC","BEFSRBV","40.0"
"BEFSRBV","BEFSRWE","40.0"
"BEFSRRG","BEFSRG","40.0"
"BEFSRBV","BEFSRRG","40.0"
"BEFSR","BEFSRCH","40.0"
"BEFSRCH","BEYFSRC","40.0"
"BEFH","BEFHRIN","160.0"
"BEFHRIN","BEYBGRD","300.0"
"BERTS","BEYFNT","300.0"
"BEYFNT","EU00083","300.0"
"BEYBGRD","BEYPATD","300.0"
"BEYPATD","BERTS","300.0"
"BERHD","BERPS","300.0"
"BEFLV","BERHD","300.0"
"BERPS","BEANS","300.0"
"BELTI","BEYHABR","260.0"
"BEFCH","BELTI","260.0"
"BEYLUBL","BENDK","300.0"
"BENDK","BE1217","300.0"
"BE1217","EU00089","300.0"
"BEYRENO","BERENO1","40.0"
"BERFNC1","BEYMUBR","40.0"
"BEYMUBR","BERBL9J","40.0"
"BERBL9J","BEFNDG9","40.0"
"BEFNDG9","BEYORDR","40.0"
"BERFNC1","BERNITW","40.0"
"BERNITW","BEFNDW","40.0"
"BEFNDBV","BERNUC1","40.0"
"BERNITW","BEFNDBV","40.0"
"BERNUB3","BERNITW","40.0"
"BEYGHKZ","BEYGHKN","40.0"
"BERNUB3","BERFNC1","20.0"
"BERNUC1","BERBL9J","40.0"
"BEYTDST","BEYBDWK","60.0"
"BEFBMA","BEFO926","40.0"
"BEFOND","BEFBMA","40.0"
"BEFOVTO","BEFOCW","40.0"
"BEFOCW","BEFO926","40.0"
"BEFOVM","BEFO926","40.0"
"BEFOVTO","BEFBMA","40.0"
"BEFRBB","BEYRUBR","40.0"
"BERRBB","BEFRBB","40.0"
